Frame,plane_x,plane_y
0,,
1,,
2,,
3,,
4,,
5,,
6,,
7,,
8,,
9,,
10,,
11,,
12,,
13,,
14,,
15,,
16,,
17,,
18,,
19,,
20,,
21,,
22,,
23,,
24,,
25,,
26,,
27,,
28,,
29,,
30,,
31,,
32,,
33,,
34,,
35,,
36,,
37,,
38,,
39,,
40,,
41,,
42,,
43,,
44,,
45,,
46,,
47,,
48,,
49,,
50,,
51,,
52,,
53,,
54,,
55,,
56,,
57,,
58,,
59,-86.32460949826384,-278.1240254617259
60,-96.46596986536385,-260.06817899419985
61,-106.21251869717467,-244.58778527366886
62,-115.84506301099988,-231.23748375778175
63,-125.66726123724872,-219.56325981422356
64,-136.00450695493709,-209.10330811542661
65,-147.16710886179752,-199.4162501504363
66,-159.4075857674484,-190.11277027032023
67,-172.91907641425777,-180.85676210565722
68,-187.83537378547945,-171.3653679359914
69,-204.23092721158568,-161.40896130263124
70,-222.12084832466968,-150.8110973753403
71,-241.46091065590124,-139.44851225420666
72,-262.1475488822889,-127.2511271863898
73,-284.01829306384855,-114.20215035820202
74,-306.8753927098444,-100.34390378796323
75,-330.51864547223187,-85.78850162299467
76,-354.74711887964224,-70.71927570404752
77,-379.3593211525762,-55.39059698319306
78,-404.1532012034007,-40.12787552382207
79,-428.9279894716454,-25.323331284608475
80,-453.4980882133728,-11.401481742259925
81,-477.6996723422004,1.198550460477934
82,-501.3907373320792,12.023510558417561
83,-524.4505350472658,20.63626060973871
84,-546.7829651543404,26.68149940060171
85,-568.3204780788116,29.900559557372464
86,-589.0238998358611,30.1312441613442
87,-608.8824289724663,27.307822109712603
88,-627.912871574151,21.46022172444468
89,-646.1516190520098,12.705837966881337
90,-663.6493115549623,1.2442189813686468
91,-680.4706690007312,-12.643097906763309
92,-696.6893370331964,-28.59736900858119
93,-712.3730870177782,-46.20254561503292
94,-727.5780227223341,-64.99957969292356
95,-742.3483677005086,-84.48673438583637
96,-756.7164709176699,-104.11954962041509
97,-770.7026137890603,-123.31298405721218
98,-784.3142431304747,-141.46824080106313
99,-797.5476206996175,-157.99242191908502
100,-810.3882255266391,-172.29913618212709
101,-822.81319912316,-183.85503724399837
102,-834.7986917523313,-192.3162885528602
103,-846.3212864411424,-197.5497752753412
104,-857.358090969641,-199.6329324597454
105,-867.8867480996315,-198.8538013078622
106,-877.8862778191509,-195.70810454728314
107,-887.3485860233845,-190.85476204910134
108,-896.2838826487642,-185.08233239646717
109,-904.7197167723882,-179.30837225122016
110,-912.6986744625632,-174.51772359572848
111,-920.2701405194812,-171.52800315948653
112,-927.4899770607371,-170.93139533474948
113,-934.4209346132591,-173.09397268209776
114,-941.1326521133078,-178.15569593043625
115,-947.700427717129,-186.03251988820352
116,-954.1790051519586,-196.46066214097925
117,-960.5803984229511,-209.03365016167527
118,-966.8746497260499,-223.20211486717398
119,-972.9908473707276,-238.31215406025757
120,-978.821663713245,-253.79262991945868
121,-984.2245193303926,-269.2165828771932
122,-989.0214677853759,-284.30318115800463
123,-992.9991953569358,-298.91772487606704
124,-995.9101373038509,-313.0707826404752
125,-997.5092978948247,-326.889974043378
126,-997.5969554153191,-340.5883336145689
127,-996.020239939923,-354.4631963965449
128,-992.674527563412,-368.8799968078033
129,-987.5126164228177,-384.17058492794877
130,-980.5472391488323,-400.59242543337075
131,-971.8500454362213,-418.327096263457
132,-961.551250211406,-437.4799529322662
133,-949.8391847310412,-458.080012953994
134,-936.9366725157765,-480.07412895011896
135,-923.0682006568117,-503.3163103524085
136,-908.4581980819127,-527.5662978384897
137,-893.328622274571,-552.4967278855976
138,-877.8809386781389,-577.7493880006904
139,-862.28912130473,-602.9594185298616
140,-846.7013358442663,-627.7529591950642
141,-831.2401719707443,-651.7477513350728
142,-816.0026701163938,-674.5535007031353
143,-801.0608856417074,-695.8021264127804
144,-786.4584974234203,-715.2134808424313
145,-772.206904897908,-732.6101467476316
146,-758.2872044509476,-747.9143642470858
147,-744.6693304837222,-761.117053975495
148,-731.3205820183427,-772.2611393026641
149,-718.2016251691729,-781.4441614209211
150,-705.2674009345816,-788.8179824768549
151,-692.4674589143214,-794.5886351719734
152,-679.7511113521726,-799.0115399453229
153,-667.0822331405615,-802.3716036300035
154,-654.4450551396618,-804.9689137571937
155,-641.8431403774996,-807.1193681693587
156,-629.2815418396816,-809.1682867120963
157,-616.7566120392879,-811.5017004551179
158,-604.2628089154543,-814.5490493084395
159,-591.7918359728897,-818.7834117721352
160,-579.3316792942642,-824.7214486902677
161,-566.8641542985285,-832.8768339515757
162,-554.357559470853,-843.6237854195781
163,-541.7652523503209,-857.1758530084595
164,-529.0262694771862,-873.5861910837319
165,-516.0797699459515,-892.7495438314787
166,-502.87713178746566,-914.4030278538988
167,-489.37748472397146,-938.1220853544302
168,-475.5476094181254,-963.3196494471947
169,-461.3629936647977,-989.2462278688728
170,-446.8101744499065,-1015.0514204751779
171,-431.8949762097413,-1040.0183522417067
172,-416.6428322454457,-1063.6218801791108
173,-401.0979779581782,-1085.5286172388815
174,-385.31151470007717,-1105.5771553620618
175,-369.3276420386424,-1123.755260927824
176,-353.1828787076601,-1140.1985872945982
177,-336.90591476768674,-1155.1906605230963
178,-320.51725907039247,-1169.163074845266
179,-304.0282456081696,-1182.6572317610626
180,-287.43656192148785,-1196.137474368392
181,-270.7251035988303,-1209.929795034421
182,-253.8623785540915,-1224.2204804653932
183,-236.81659359078648,-1239.0850851338018
184,-219.57600398570838,-1254.5297854198384
185,-202.15261976430614,-1270.493710112433
186,-184.5834360151101,-1286.8483748931903
187,-166.93025506894736,-1303.3974170327658
188,-149.2782061673019,-1319.8927004813672
189,-131.7265673339123,-1336.135906645606
190,-114.38624696896503,-1352.019026271846
191,-97.38062214762333,-1367.5255132614177
192,-80.82971590373596,-1382.7058040831819
193,-64.82128925301981,-1397.6333423256044
194,-49.40545334863572,-1412.403796816747
195,-34.592417451005815,-1427.138567662645
196,-20.35218139317475,-1441.9851844118498
197,-6.616669438739734,-1457.1104534888304
198,6.702250092454263,-1472.6442042051046
199,19.705800382646792,-1488.655136606333
200,32.50999586500668,-1505.153360287675
201,45.231837183440774,-1522.104130287134
202,57.95795343654724,-1539.4596651958607
203,70.73888045235068,-1557.1609967130682
204,83.58694062425224,-1575.1344634038155
205,96.47558000577992,-1593.2914444235216
206,109.34066597534714,-1611.5312691466468
207,122.09960335065064,-1629.7721893748328
208,134.65986099419172,-1647.9680571177946
209,146.91498655580835,-1666.1057049799942
210,158.75585893575075,-1684.2014276720934
211,170.1001555284755,-1702.29036710417
212,180.8978009716294,-1720.425294398643
213,191.13175027024124,-1738.6780796895935
214,200.81856103560182,-1757.1398920902816
215,210.00807588697123,-1775.9202639789703
216,218.7656992967633,-1795.1335142063256
217,227.16220737136052,-1814.8874588744065
218,235.28055081133377,-1835.2806843787355
219,243.2069076096119,-1856.3996179439814
220,251.00073617653715,-1878.3092506496253
221,258.68827276685676,-1901.0510580565915
222,266.26253147972284,-1924.6430002072502
223,273.6829736356855,-1949.079432740285
224,280.87489074372706,-1974.3306494686492
225,287.7434949252765,-2000.340745194354
226,294.1860049794053,-2027.0268310142199
227,300.0871791340065,-2054.2830811339686
228,305.32495253161943,-2081.986022504661
229,309.79768298149116,-2110.0148734559352
230,313.4315459024363,-2138.2573047352644
231,316.18025657320004,-2166.6078657852677
232,318.02506091832294,-2194.967420859549
233,318.97512494378833,-2223.244149373649
234,319.0560029113178,-2251.3735008333656
235,318.2958729442672,-2279.3410008570627
236,316.724757978552,-2307.1835386345424
237,314.3723786044164,-2334.984173748443
238,311.2560986280707,-2362.841433270859
239,307.37703068508637,-2390.858157859774
240,302.7213290366797,-2419.1423568034347
241,297.2608184322047,-2447.8078374158727
242,290.95391095110455,-2476.973514559973
243,283.7603130118541,-2506.7343279891957
244,275.6614019432541,-2537.1198836351
245,266.66393225980784,-2568.0921231063026
246,256.8012184217577,-2599.5500677488594
247,246.1325827075673,-2631.3618516515357
248,234.74291714954714,-2663.3794835601843
249,222.7388935452714,-2695.4406635993782
250,210.245692637599,-2727.370606005099
251,197.40565920178474,-2758.982578268993
252,184.36007748789015,-2790.10298311308
253,171.22001961643443,-2820.615379039914
254,158.0610019471198,-2850.4612643143896
255,144.9208370278475,-2879.6344618360104
256,131.8001815286095,-2908.1596171131396
257,118.66304019326313,-2936.0799079398635
258,105.44221391579848,-2963.4564989854607
259,92.04700481193098,-2990.3679408986195
260,78.36431268196621,-3016.9096637883904
261,64.2744978781109,-3043.1785161265457
262,49.68321465036823,-3069.2405837307374
263,34.52713287180245,-3095.1293402095794
264,18.776744728865374,-3120.8505262408835
265,2.4462673755899083,-3146.400895122459
266,-14.399253771972964,-3171.7814462352953
267,-31.6473492599375,-3196.996890810565
268,-49.14566401985744,-3222.0538729073946
269,-66.70213288275595,-3246.9609567872435
270,-84.09542450150667,-3271.734315047934
271,-101.10428119000426,-3296.4094411616215
272,-117.51296868521432,-3321.042375431131
273,-133.11345433798604,-3345.7071395184207
274,-147.7324436377463,-3370.4749976954563
275,-161.25582035755642,-3395.396211525412
276,-173.62905815599737,-3420.4993416045063
277,-184.8554094904224,-3445.7910255103143
278,-194.99640352229838,-3471.255870618735
279,-204.1672552768325,-3496.857684936869
280,-212.50901751116888,-3522.547398756215
281,-220.18210698979695,-3548.2650850990294
282,-227.36532781697187,-3573.9404277497442
283,-234.22797761807288,-3599.505659701753
284,-240.89799872723174,-3624.9100478866676
285,-247.45972626496868,-3650.120713118542
286,-253.95207078170264,-3675.1226321925683
287,-260.3678673388511,-3699.9186389638253
288,-266.65768192211993,-3724.5250986142073
289,-272.7514186216774,-3748.9517356022825
290,-278.56499692646196,-3773.196096426856
291,-284.00037278421763,-3797.2451387488954
292,-288.95832828251747,-3821.073097091846
293,-293.3563081655384,-3844.6374607633516
294,-297.13006072471325,-3867.8785762131574
295,-300.2347260975361,-3890.72007783294
296,-302.64544989351003,-3913.0691324383138
297,-304.3556041470479,-3934.8221127603256
298,-305.3669840789191,-3955.8970999525445
299,-305.68823220724903,-3976.245391107316
300,-305.3362521237992,-3995.8502113767945
301,-304.3337633825472,-4014.7258859912395
302,-302.70491049483314,-4032.917893876077
303,-300.47563902702825,-4050.503063343633
304,-297.67374499835995,-4067.58888138196
305,-294.3288748809124,-4084.312873349575
306,-290.47244650936193,-4100.838122851154
307,-286.137002189919,-4117.319031766087
308,-281.3552086481801,-4133.885435479513
309,-276.15541979581144,-4150.640989085386
310,-270.559606876005,-4167.660917242332
311,-264.5848120440822,-4184.990104462536
312,-258.2410270184054,-4202.64217424543
313,-251.52988921469026,-4220.600167458363
314,-244.4436433094728,-4238.817932546065
315,-236.965154756499,-4257.222391294963
316,-229.06843773001754,-4275.735968037823
317,-220.7189497460534,-4294.2900638381325
318,-211.87926117394161,-4312.825461455374
319,-202.51590931921794,-4331.294148375642
320,-192.59749665878368,-4349.663582647785
321,-182.09624239287834,-4367.918567428615
322,-170.9902701711329,-4386.062071594831
323,-159.2655072018312,-4404.115506536417
324,-146.91657365501078,-4422.117366454143
325,-133.95654769908504,-4440.104357937077
326,-120.42458542634334,-4458.097406833429
327,-106.38261206985241,-4476.102105041162
328,-91.90866370227504,-4494.109322383026
329,-77.09971459108243,-4512.091257867232
330,-62.07220989582204,-4529.998726257529
331,-46.960997118121966,-4547.760443547687
332,-31.916843266195198,-4565.283689435326
333,-17.10458267498172,-4582.455521086433
334,-2.676280229699854,-4599.163487515987
335,11.253779923499948,-4615.314572902903
336,24.609765040535446,-4630.836069941682
337,37.35468274568748,-4645.676826122235
338,49.500536811344645,-4659.812112322924
339,61.114491476372876,-4673.246441767609
340,72.3191056590021,-4686.01350374301
341,83.28729434971164,-4698.167942555845
342,94.23954075394052,-4709.781760070763
343,105.41619737475253,-4720.931338035919
344,117.0458292417402,-4731.682352258454
345,129.3427399493648,-4742.088554960318
346,142.50040897824692,-4752.190103630384
347,156.66442069026652,-4762.004178708797
348,171.92140164206614,-4771.520865230628
349,188.29530287303442,-4780.704029911065
350,205.75501885297865,-4789.505246866643
351,224.21934147019277,-4797.87168310381
352,243.56986160045335,-4805.748959459492
353,263.6684507628709,-4813.085445817895
354,284.3589278309042,-4819.833098517608
355,305.47228584094034,-4825.948579080836
356,326.8569042487477,-4831.403951004584
357,348.39168444364816,-4836.191092921728
358,369.98744896020116,-4840.319902656781
359,391.5802789482012,-4843.810039193375
360,413.12406032916005,-4846.684124110114
361,434.58717923118576,-4848.967600911578
362,455.94717446855947,-4850.688981794265
363,477.1898545066728,-4851.880154285303
364,498.30808777924966,-4852.5768746390895
365,519.2909145786443,-4852.817062315739
366,540.1175498044873,-4852.639827214913
367,560.7572230433444,-4852.087875720242
368,581.176043453893,-4851.207839436548
369,601.3462093773273,-4850.049061246652
370,621.2478825133426,-4848.664304950772
371,640.8720505991496,-4847.111066008329
372,660.2214301925189,-4845.450590321454
373,679.3092635615199,-4843.7461210274605
374,698.1535617900788,-4842.053519887365
375,716.7738233930562,-4840.415658679518
376,735.1906212181856,-4838.860999665455
377,753.421695102165,-4837.4039476057305
378,771.4747928374854,-4836.048420859218
379,789.3457944010776,-4834.787074152689
380,807.01493366218,-4833.59815562006
381,824.4459586470617,-4832.446370340634
382,841.5885033965237,-4831.283778129183
383,858.3909437055182,-4830.063101976824
384,874.8098795099883,-4828.749215153544
385,890.8109533461051,-4827.319895529417
386,906.3704298807285,-4825.766531996474
387,921.4771600378135,-4824.094036114333
388,936.1338417566227,-4822.321973009997
389,950.3603751750272,-4820.488196438557
390,964.1954347587033,-4818.648190374717
391,977.6949491458835,-4816.873548661061
392,990.9165826315709,-4815.23518718712
393,1003.9056273717379,-4813.786342780061
394,1016.6939854471203,-4812.561599325554
395,1029.2990338432983,-4811.576204508404
396,1041.7251782195426,-4810.825992758503
397,1053.9623569768094,-4810.286127621828
398,1065.9764564382979,-4809.9059549183185
399,1077.7063088063705,-4809.60786573928
400,1089.064492483466,-4809.28968008121
401,1099.9553143615085,-4808.8481874636445
402,1110.2934401266284,-4808.202033327702
403,1120.005154030627,-4807.293167540265
404,1129.0290142717329,-4806.08771360921
405,1137.3120148623348,-4804.575646771937
406,1144.8119612614003,-4802.77204367836
407,1151.523867525947,-4800.726925373118
408,1157.4891098658522,-4798.5297565133205
409,1162.7946516571717,-4796.308173829976
410,1167.5514978475494,-4794.2025925471935
411,1171.8683245021587,-4792.339918236689
412,1175.8494031384873,-4790.831706874401
413,1179.5944285820685,-4789.7735456459695
414,1183.202471514904,-4789.244413237086
415,1186.7714982983307,-4789.30511047994
416,1190.3688767925496,-4789.987302840087
417,1194.0183179791297,-4791.288390009765
418,1197.700250843398,-4793.171289294768
419,1201.3696766452645,-4795.577919750199
420,1204.981964269965,-4798.447501979431
421,1208.49528365459,-4801.718158303409
422,1211.8708778460825,-4805.326723084989
423,1215.071545819989,-4809.208910064138
424,1218.0601012750333,-4813.300240545712
425,1220.8100780799846,-4817.538417064024
426,1223.3117040845084,-4821.864601513123
427,1225.5718627921242,-4826.223490760891
428,1227.606000345662,-4830.564233191235
429,1229.4266059290856,-4834.841670571604
430,1231.042283343671,-4839.016435916786
431,1232.4575148039548,-4843.055355686346
432,1233.6727079970706,-4846.932287210145
433,1234.6863726937092,-4850.627569188257
434,1235.5000394750014,-4854.135817861725
435,1236.1214521781021,-4857.471378860978
436,1236.5648367238352,-4860.668410508847
437,1236.8513728404987,-4863.776482477354
438,1237.0054806781686,-4866.84840832255
439,1237.0536211792337,-4869.937996738558
440,1237.0250613339715,-4873.099249905659
441,1236.951523171511,-4876.384924949115
442,1236.8636975052484,-4879.845663669513
443,1236.7796967952886,-4883.516521045331
444,1236.6957756384318,-4887.40546479689
445,1236.5858375627906,-4891.493018202262
446,1236.4025938701282,-4895.733901214653
447,1236.0858635926184,-4900.063677785986
448,1235.56482012471,-4904.400680568094
449,1234.7576139105456,-4908.646435301981
450,1233.5705688363264,-4912.68803649032
451,1231.8995417996612,-4916.404040354942
452,1229.6431960865075,-4919.682100650693
453,1226.7166521945212,-4922.435852585653
454,1223.0522388467239,-4924.605717076481
455,1218.5989594079927,-4926.15885455035
456,1213.315257888687,-4927.088674244543
457,1207.1663991956211,-4927.414671494335
458,1200.1243887079183,-4927.182158655831
459,1192.1688333218722,-4926.4607761978705
460,1183.291814531698,-4925.334112205534
461,1173.4874740770047,-4923.879499830829
462,1162.735217000483,-4922.148216643438
463,1150.998559263425,-4920.164164566235
464,1138.2275005674726,-4917.92460002465
465,1124.379527774175,-4915.405251972458
466,1109.4291214330142,-4912.562544097498
467,1093.3679009101513,-4909.333670561479
468,1076.2044198360545,-4905.637186381033
469,1057.9592476547311,-4901.381184017397
470,1038.6742809106968,-4896.481256427839
471,1018.4343434087842,-4890.879152325701
472,997.3691617479534,-4884.544453536257
473,975.6491437430756,-4877.473067579832
474,953.4438495917401,-4869.673917227016
475,930.8987209816211,-4861.162007917197
476,908.1348031967348,-4851.958344079711
477,885.2488780073675,-4842.089705568277
478,862.3141924706249,-4831.58366983267
479,839.3722738676379,-4820.456641092249
480,816.4148204521401,-4808.701950550432
481,793.3815172888269,-4796.288473931123
482,770.163752427554,-4783.162292244706
483,746.6505801287828,-4769.266354354924
484,722.7601508463098,-4754.55301640015
485,698.4403850728951,-4738.98422122956
486,673.6690292435952,-4722.531556839623
487,648.4546366185297,-4705.181742086676
488,622.8391810395597,-4686.94728405855
489,596.8999519684785,-4667.867598122499
490,570.7498097002791,-4648.008986647736
491,544.5344187929882,-4627.462327633306
492,518.3869181714397,-4606.30632960046
493,492.3901304208782,-4584.578728940257
494,466.5752974398415,-4562.2756086947
495,440.9220782728159,-4539.351396825889
496,415.3580732813304,-4515.714500101955
497,389.7610277781042,-4491.216335575564
498,363.9697448360847,-4465.657393904282
499,337.78627475113575,-4438.788993535616
500,310.9780258391761,-4410.315955372689
501,283.32727165755614,-4379.957944805701
502,254.68268727609265,-4347.510422930772
503,224.96205241235413,-4312.847207535313
504,194.15225143165992,-4275.920473098027
505,162.30921256317052,-4236.762474840699
506,129.55463790085304,-4195.492835761005
507,96.06523116095742,-4152.314913456592
508,62.070065676376466,-4107.513912952898
509,27.849624722658586,-4061.455194373936
510,-6.29937166365665,-4014.5275553869556
511,-40.109067453578135,-3967.069573224834
512,-73.34360865861778,-3919.363814702356
513,-105.79914347157705,-3871.6368353130124
514,-137.30369459795648,-3824.058381758264
515,-167.7148676104717,-3776.7345817430246
516,-196.91316576778138,-3729.704828960699
517,-224.80003100186377,-3682.9421449477827
518,-251.29780650817438,-3636.3541560348312
519,-276.34770639823296,-3589.803124720986
520,-299.90890681765507,-3543.1442284467985
521,-321.9601035246609,-3496.2329164158814
522,-342.4995340627757,-3448.9249532762633
523,-361.54505483329757,-3401.0767476966143
524,-379.1376934564026,-3352.5498916478055
525,-395.3596420523886,-3303.2109825783277
526,-410.34159672333556,-3252.9299370049016
527,-424.2627699744156,-3201.57957149524
528,-437.33582189703554,-3149.0482111072156
529,-449.7744319620681,-3095.2579519920123
530,-461.7867242234888,-3040.161113196638
531,-473.57515741420616,-2983.7400462341197
532,-485.3365179422364,-2926.0071860667185
533,-497.25762938074433,-2867.008306396344
534,-509.47780536966167,-2806.837993449315
535,-522.0691494285651,-2745.646727882486
536,-535.036038251681,-2683.640931313671
537,-548.3265250157167,-2621.0669554087062
538,-561.8604307942163,-2558.1764394539236
539,-575.5338380367637,-2495.2266511033736
540,-589.2191212766292,-2432.4808820771354
541,-602.7649468107409,-2370.208416509297
542,-615.9998960083595,-2308.679274384454
543,-628.7762039341746,-2248.1371597086913
544,-640.9984080059628,-2188.78542851514
545,-652.6239043041007,-2130.7868595685372
546,-663.6507118094407,-2074.2601080831614
547,-674.0805015424031,-2019.2636640845271
548,-683.9139757654808,-1965.7833419043106
549,-693.151179881547,-1913.7310665063494
550,-701.7915025330028,-1862.9448733340435
551,-709.831083224951,-1813.1909689871018
552,-717.219011760042,-1764.2004901229127
553,-723.8216821199837,-1715.6997510536792
554,-729.4217663591235,-1667.4111160141576
555,-733.7400467111552,-1619.0762724822318
556,-736.5198785966927,-1570.5511505068607
557,-737.5458242581121,-1521.841533277058
558,-736.6431874052626,-1473.105698363614
559,-733.6780132154648,-1424.654417719095
560,-728.5583504841677,-1376.9501662282134
561,-721.2785993491148,-1330.554998057531
562,-711.9667813513385,-1286.0719518672108
563,-700.8866516406085,-1244.1423770247059
564,-688.4157073293962,-1205.4173681480074
565,-674.9353882945297,-1170.4138204227058
566,-660.7959567839798,-1139.4613865833453
567,-646.316203657183,-1112.6996266743265
568,-631.7834468109878,-1090.0780067839437
569,-617.4532407576115,-1071.3564467608323
570,-603.520054006378,-1056.1523548633818
571,-590.0757394726178,-1044.0052699693354
572,-577.1066540914637,-1034.381100815451
573,-564.5050284472137,-1026.6899551467554
574,-552.1419731584508,-1020.4010322540076
575,-539.8986069203653,-1015.0944250254402
576,-527.6680510370254,-1010.4647413062835
577,-515.3555230039802,-1006.3211386493795
578,-502.8781147505128,-1002.5873673435348
579,-490.16354211283885,-999.2884484059534
580,-477.15286719228413,-996.5261248576771
581,-463.8013712954513,-994.4765601311947
582,-450.0764969476267,-993.3830543984002
583,-435.94061988399983,-993.4951249805038
584,-421.3405597412895,-995.0333382520982
585,-406.2050303281085,-998.1850866723953
586,-390.4438147790466,-1003.104488018855
587,-373.94792065462684,-1009.9121062803081
588,-356.6070012030478,-1018.6760113293481
589,-338.33998814456316,-1029.3792226879498
590,-319.09790147325566,-1041.9163652397417
591,-298.8632507146023,-1056.0985480566692
592,-277.6435108325775,-1071.707022281277
593,-255.46759120082714,-1088.5246378176578
594,-232.38693322058015,-1106.3337533558831
595,-208.47605775038977,-1124.9159781289695
596,-183.83314082812063,-1144.0522531255929
597,-158.5669225393642,-1163.5422375317507
598,-132.76603606628183,-1183.2495094450715
599,-106.49488139192667,-1203.1081045058017
600,-79.79362713767263,-1223.1185128075297
601,-52.678025490381366,-1243.2877546077575
602,-25.139288954693615,-1263.5868795100653
603,2.855990001427786,-1283.9572167563895
604,31.365905933476757,-1304.3114477817298
605,60.473305599136054,-1324.533611360143
606,90.2727531399981,-1344.483865603938
607,120.83031332623591,-1364.0127895465569
608,152.17652974953725,-1382.9638687351464
609,184.30574614198764,-1401.1759383564277
610,217.16006933989598,-1418.5354225082615
611,250.61424432929428,-1435.0264097305803
612,284.4756103836396,-1450.7334196098025
613,318.48425557722857,-1465.841550841278
614,352.3130192500863,-1480.6364794870187
615,385.5892941946745,-1495.4808772890235
616,417.97940273862093,-1510.7223951471176
617,449.2080214569289,-1526.6713077090205
618,479.0587177275464,-1543.5992865999133
619,507.39997435156437,-1561.699575427552
620,534.2150712193317,-1581.0380767425454
621,559.5998521741558,-1601.5407684852985
622,583.7618659489813,-1622.9898478384355
623,607.0204155213141,-1645.023616956781
624,629.7845162468099,-1667.1634807945102
625,652.4429523052371,-1688.9434240252933
626,675.3305110429883,-1709.9479834967394
627,698.727941598699,-1729.8126656422432
628,722.8427119454052,-1748.2470768406295
629,747.7814980530579,-1765.0698571631744
630,773.5534253070815,-1780.2204579298443
631,800.0720029087653,-1793.7646343352362
632,827.1549306274726,-1805.8947230594108
633,854.5357896097125,-1816.9124319243147
634,881.9413313302869,-1827.1241699938194
635,909.1239185857772,-1836.8032390630092
636,935.8622553936418,-1846.189863194404
637,961.9641241713364,-1855.4878272975038
638,987.2710387182602,-1864.8579776939685
639,1011.6549946346864,-1874.4119761657967
640,1035.0159035109443,-1884.2075875318849
641,1057.2817216803446,-1894.2483599293012
642,1078.4063160029993,-1904.4908822140133
643,1098.349925758582,-1914.904613299183
644,1117.0675051169803,-1925.5009833212387
645,1134.5074204744922,-1936.3334036737622
646,1150.6144304385991,-1947.4857432141064
647,1165.3379620180986,-1959.0461390375688
648,1178.6357933470451,-1971.108557573393
649,1190.4771294098045,-1983.7790619476673
650,1200.8428229663746,-1997.1761866631475
651,1209.7247212274924,-2011.426111604258
652,1217.1165931422674,-2026.6102190809315
653,1223.0058158672673,-2042.7340201604738
654,1227.3736061686482,-2059.727345925434
655,1230.1991037898033,-2077.464916178856
656,1231.470098341481,-2095.8254587679394
657,1231.1832427326938,-2114.6994583352025
658,1229.3409255058764,-2133.9837905628915
659,1225.95093035787,-2153.5811380543882
660,1221.0264289618622,-2173.403996980213
661,1214.5884706600477,-2193.4343159545783
662,1206.6734112853896,-2213.768663059998
663,1197.3341136480951,-2234.6186357669203
664,1186.6326368491814,-2256.2820819890003
665,1174.613597208889,-2279.038146320771
666,1161.2987706174436,-2303.1218165385144
667,1146.6892664059117,-2328.720135580294
668,1130.7659113598597,-2355.9714994125648
669,1113.4900036065392,-2384.963186025037
670,1094.8185625951435,-2415.6783693373627
671,1074.716075239884,-2447.9427617154106
672,1053.1540803880412,-2481.4215793659273
673,1030.1141690982533,-2515.6468903001432
674,1005.6025094530157,-2550.146421995257
675,979.6542956255014,-2584.4816992325973
676,952.3341399478301,-2618.249516786428
677,923.7361958814386,-2651.082384847487
678,893.9833361821471,-2682.6497868012066
679,863.2011532937587,-2712.698235349851
680,831.4869627802516,-2741.100022147476
681,798.9063768916424,-2767.856932404952
682,765.4943131293661,-2793.0858750849693
683,731.2656934543592,-2816.926849283258
684,696.2195150452262,-2839.510431439982
685,660.3392527367515,-2860.9708319201386
686,623.5928322898252,-2881.4521247222488
687,585.9327796929151,-2901.1078606923757
688,547.3157359970837,-2920.077781191281
689,507.7346067899807,-2938.451729101442
690,467.2250411075097,-2956.265430160864
691,425.86497619205625,-2973.505643798787
692,383.7515985355315,-2990.154908695727
693,340.9899393401679,-3006.212052382773
694,297.68742872343535,-3021.681967970246
695,253.95013946734502,-3036.567792212306
696,209.88323716766348,-3050.870741575147
697,165.58811483776313,-3064.5936421961055
698,121.15026968887055,-3077.752073297625
699,76.63043807880632,-3090.3807494509247
700,32.06480943267028,-3102.5315472990774
701,-12.517317369821015,-3114.2494626048465
702,-57.0826589692071,-3125.558462406836
703,-101.5912358391629,-3136.4621831212726
704,-145.99223507473505,-3146.94592297002
705,-190.22360863952912,-3156.9773271067797
706,-234.2157223490172,-3166.5178271751474
707,-277.8933023348422,-3175.5422513850554
708,-321.16547197089244,-3184.0305781709853
709,-363.9257171617819,-3191.967799654339
710,-406.06668819370344,-3199.3590753719686
711,-447.4909702611389,-3206.2408033468964
712,-488.10879393735405,-3212.679610487166
713,-527.8336781721035,-3218.7701494121575
714,-566.5825669459734,-3224.6344148980584
715,-604.2796824405232,-3230.4011496907856
716,-640.8693163618982,-3236.1521865547693
717,-676.3241687244162,-3241.927232183739
718,-710.6456868052794,-3247.725896207822
719,-743.8487278399359,-3253.4948490815623
720,-775.947594740453,-3259.116142932761
721,-806.958199570386,-3264.4071033104237
722,-836.9056461402753,-3269.1212302281915
723,-865.8254491988406,-3272.94804737917
724,-893.7561681062845,-3275.54125949359
725,-920.7134172594148,-3276.6215055922703
726,-946.6867410013125,-3275.990509506462
727,-971.6409082516169,-3273.5285161556426
728,-995.5284542244844,-3269.203231680369
729,-1018.3038658468754,-3263.0799860029924
730,-1039.9235917643575,-3255.323104301454
731,-1060.3424986631928,-3246.1994501708095
732,-1079.5129675762055,-3236.0797193068556
733,-1097.3880750302503,-3225.4115668540653
734,-1113.9352123312453,-3214.591901314643
735,-1129.1333954348797,-3203.9370677735797
736,-1142.969888968437,-3193.6864968771483
737,-1155.4354636759258,-3184.000183581707
738,-1166.517790391478,-3174.955133909408
739,-1176.20091338972,-3166.544836223185
740,-1184.4649635837884,-3158.6775290025735
741,-1191.2847738252447,-3151.175606623885
742,-1196.6314774693403,-3143.7906489597035
743,-1200.483816235311,-3136.294972726834
744,-1202.8395007653476,-3128.507668777244
745,-1203.7205328157243,-3120.288379664904
746,-1203.1730394743124,-3111.5385457194534
747,-1201.2669442184683,-3102.203839958261
748,-1198.096225117214,-3092.2745693601555
749,-1193.782871488494,-3081.787881165036
750,-1188.4809102727213,-3070.829012438784
751,-1182.375208882125,-3059.525058821366
752,-1175.6580959827575,-3048.0000937152513
753,-1168.5121968278818,-3036.3568230345854
754,-1161.1026895539005,-3024.680426142432
755,-1153.5700026997602,-3013.0377708049173
756,-1146.0159868724122,-3001.4739422252246
757,-1138.5018441963116,-2990.0116129223034
758,-1131.0408758924307,-2978.6459728200352
759,-1123.5901230310055,-2967.3389813097024
760,-1116.050372086919,-2956.0217382322553
761,-1108.2834253344308,-2944.6187328813407
762,-1100.1241305752478,-2933.061990397228
763,-1091.382869442796,-2921.2910875673633
764,-1081.8633127272274,-2909.252294201725
765,-1071.407208452942,-2896.898668375105
766,-1059.9019008377043,-2884.1902448518154
767,-1047.2866223676335,-2871.100768506875
768,-1033.5636694437483,-2857.629560018635
769,-1018.7988652466445,-2843.8015938525505
770,-1003.1074952196101,-2829.6522840801053
771,-986.6452516231421,-2815.2169712570576
772,-969.6126200147639,-2800.532354314606
773,-952.2391028115195,-2785.6381034748756
774,-934.7251398946138,-2770.581676692998
775,-917.2293467509325,-2755.4194266980867
776,-899.8662175841771,-2740.211111809382
777,-882.6996878355191,-2725.004510833392
778,-865.7428403464465,-2709.833575218735
779,-848.9732515910829,-2694.7315794316014
780,-832.3459174348131,-2679.742313450692
781,-815.7891035226861,-2664.9180133620825
782,-799.2121335662328,-2650.315936178433
783,-782.5460546732912,-2635.9864169955285
784,-765.7550749691145,-2621.969752130639
785,-748.83591491899,-2608.2983957670435
786,-731.8147997118834,-2595.006986944052
787,-714.7461206336548,-2582.1349797596977
788,-697.6995310992431,-2569.717645029696
789,-680.7455830936425,-2557.775739387024
790,-663.9549562027103,-2546.314248819709
791,-647.394999387145,-2535.3252322124986
792,-631.1098314518151,-2524.8054886132445
793,-615.1131791494352,-2514.762438821127
794,-599.3892830640183,-2505.2130321797235
795,-583.9000062431162,-2496.175735693745
796,-568.5882116519982,-2487.666859075046
797,-553.3823845453563,-2479.702610904909
798,-538.2034033162781,-2472.3025615175466
799,-522.968218967532,-2465.494087663789
800,-507.5936796043178,-2459.3128635601734
801,-492.00833016546613,-2453.7848264310783
802,-476.1575660811184,-2448.918328657938
803,-460.00309931475334,-2444.704838985835
804,-443.51561834200766,-2441.1270463530527
805,-426.6694627599408,-2438.164767960089
806,-409.4425090340113,-2435.794187289758
807,-391.81613073703977,-2433.9862375255925
808,-373.77423717278725,-2432.701922878668
809,-355.30212120057604,-2431.8893131032864
810,-336.38533027280084,-2431.502107592356
811,-317.0088987544252,-2431.510183608537
812,-297.15745545116135,-2431.899581667487
813,-276.8212461015875,-2432.669614714349
814,-256.0029290049019,-2433.82978621056
815,-234.7248022336873,-2435.4009533339627
816,-213.04429013635348,-2437.417666949692
817,-191.0549578734384,-2439.928253350699
818,-168.8833686831428,-2442.993153673453
819,-146.67592858918698,-2446.6646030828015
820,-124.59040008152598,-2450.9723882449166
821,-102.79630820825385,-2455.923555354808
822,-81.47370964307082,-2461.5024378575545
823,-60.81100056248929,-2467.6707038946092
824,-40.9883551977128,-2474.3671501348986
825,-22.132175935219106,-2481.507374613863
826,-4.306929337687106,-2488.985550340242
827,12.483995621834325,-2496.679850216617
828,28.281548201973997,-2504.4700581540073
829,43.15682708636022,-2512.2522136861885
830,57.21129229567572,-2519.9391502024473
831,70.57853981155198,-2527.459884116143
832,83.42882230319687,-2534.757903371193
833,95.9530617190026,-2541.7895753878
834,108.30505373355732,-2548.5199328292474
835,120.58793467238235,-2554.9220164950584
836,132.85156979579367,-2560.977105046419
837,145.10560601322945,-2566.666266326715
838,157.33441870033937,-2571.9609814989117
839,169.49785462290654,-2576.8223838879444
840,181.5301882017928,-2581.201745947415
841,193.33546332514356,-2585.042974315607
842,204.79561746570434,-2588.2860862874345
843,215.8116662510975,-2590.879539480229
844,226.3156012184042,-2592.7843205775753
845,236.2738654324511,-2593.978641592838
846,245.6805141501293,-2594.4605519086786
847,254.54607132382108,-2594.2486244642414
848,262.896416779233,-2593.3820693449043
849,270.7726124717542,-2591.920903103532
850,278.23092867812767,-2589.9465807232386
851,285.33937706362497,-2587.559147406708
852,292.1574099351963,-2584.85922603957
853,298.7281255133264,-2581.940538443671
854,305.075689629502,-2578.880699214047
855,311.20070284495915,-2575.739039934962
856,317.075341376778,-2572.5633409697757
857,322.64278405344464,-2569.39093722068
858,327.8173771372243,-2566.248808489488
859,332.4877621320171,-2563.1494324117048
860,336.52067789838816,-2560.0903057638234
861,339.7728060552666,-2557.072088451481
862,342.09641348051963,-2554.107163693049
863,343.34010210733396,-2551.2217478992784
864,343.3643806082519,-2548.453751186033
865,342.0732820066455,-2545.844058511795
866,339.41821986210334,-2543.434919132123
867,335.39784335887936,-2541.2691095315035
868,330.057065418088,-2539.3943667803496
869,323.4859105223263,-2537.8663940193205
870,315.81839837234867,-2536.730302173446
871,307.231797416609,-2536.0102139399705
872,297.9476253117256,-2535.708487757474
873,288.2173071687445,-2535.8048636648837
874,278.2799339671134,-2536.257536154486
875,268.3557007011279,-2537.0036299990693
876,258.6470015874099,-2537.9603514534847
877,249.33755225478544,-2539.0253676045404
878,240.58921337721824,-2540.078527528689
879,232.52877310854,-2541.002242706641
880,225.23884739876192,-2541.695137021137
881,218.75604512205436,-2542.071814677766
882,213.07224473498542,-2542.0682708018016
883,208.15252942109367,-2541.6551334514356
884,203.9389372485765,-2540.8402306517405
885,200.34947242149025,-2539.6681227715617
886,197.27751796746543,-2538.218204004972
887,194.59270165195494,-2536.5992838187262
888,192.15769949029234,-2534.9320268239903
889,189.84285838724537,-2533.3347542705533
890,187.52837862041505,-2531.925476211887
891,185.11366861705412,-2530.8216106619047
892,182.53154937319883,-2530.121385383435
893,179.75185701216225,-2529.8986922605955
894,176.78194985695396,-2530.202879533837
895,173.6678206540872,-2531.058426431295
896,170.49670990922837,-2532.464713033884
897,167.38406739241958,-2534.404434439722
898,164.45864037193903,-2536.8526958861416
899,161.860909726986,-2539.7763462207795
900,159.733376049982,-2543.1330091608984
901,158.19418094958704,-2546.8771107356624
902,157.32862997446932,-2550.9622814523195
903,157.18835689603702,-2555.341418548581
904,157.78999288182274,-2559.9663471474223
905,159.11150116740987,-2564.7832065064
906,161.09901639194388,-2569.729836029733
907,163.67794849530216,-2574.735023582183
908,166.75375186352107,-2579.718429324099
909,170.2172605134123,-2584.599126663106
910,173.9818190369405,-2589.357080798176
911,177.99921171433246,-2594.0593437216125
912,182.2606054150707,-2598.85999343897
913,186.79790945156952,-2604.001188421726
914,191.6872253470826,-2609.822354870431
915,197.05356757345524,-2616.762361364373
916,203.07571237290009,-2625.352816789799
917,209.98685174938166,-2636.217666882248
918,218.06531263071327,-2650.0347116152134
919,227.5285188810525,-2667.186851303665
920,238.4750678278454,-2687.576061949114
921,250.88380589183342,-2710.621601255713
922,264.6124440853784,-2735.259560805248
923,279.3962060909843,-2759.940526753842
924,294.8318962152878,-2782.6315613317297
925,310.346271612362,-2800.8249145917384
926,325.19198069690424,-2811.539004699894
927,338.46295718988245,-2811.387672997978
928,349.3252224749723,-2797.426697707979
929,357.17418631575055,-2767.717911431717
930,361.63752393558354,-2721.339436525046
931,362.575880410059,-2658.3857209757048
932,360.08295937553214,-2579.9686347575953
933,354.499938570861,-2488.218481412015
934,346.45769333948385,-2386.282958299926
935,336.8836069951811,-2278.3270090243095
936,326.991053806941,-2169.4741592402816
937,318.0085929028691,-2064.8184556718834
938,310.94433251844646,-1968.6069705210266
939,306.5787663068873,-1884.215235822973
940,305.46476946588666,-1814.1478344318764
941,307.9288463595964,-1760.0386685658693
942,314.06936370647543,-1722.6451683439304
943,323.7388157623646,-1701.8350229124107
944,336.5400482365396,-1696.5835382595715
945,351.82905088161544,-1704.986958206813
946,368.8834312439066,-1724.5980793910467
947,387.0942651139811,-1752.7706887704962
948,405.9751080980632,-1786.6751879529834
949,425.16194754717526,-1823.2981998297328
950,444.41150320795543,-1859.4400527025086
951,463.5918661757116,-1891.7150627633391
952,482.6682563001931,-1916.570192915777
953,501.69956270245893,-1930.2902950664438
954,520.8375694419676,-1929.0280689748781
955,540.2661425435853,-1909.8836892961533
956,560.110695671511,-1872.2730207185748
957,580.4318798692298,-1818.0158095382328
958,601.2255936261193,-1751.3357832376755
959,622.4238127685257,-1678.861769908943
960,643.9043221369895,-1609.628678127152
961,665.5173988059474,-1555.0716617554774
962,687.0942076208646,-1529.0238429817184
963,708.447488636693,-1547.6473616332119
964,729.3965604552998,-1625.1243514648445
965,749.8081910539377,-1766.8691950413101
966,769.6003933085399,-1968.9316589155376
967,788.7424249937186,-2217.9968936287137
968,807.2547877980244,-2491.3854584198416
969,825.20389213933,-2757.0447802740628
970,842.6648994473412,-2973.4876655605703
971,859.7056350752925,-3089.7660174196344
972,876.3861126312102,-3045.58056223001
973,892.7437562479757,-2785.1615714630643
974,908.7664776232383,-2284.567331892057
975,924.3896722729651,-1554.868490983455
976,939.496218690233,-642.1480546615984
977,953.9162772151167,372.49884990448516
978,967.4365708725921,1372.926491689755
979,979.9064233600403,2207.5897819166653
980,991.2956672055482,2689.358256660021
981,1001.6949618743131,2595.6359648386137
982,1011.3170176412787,1711.5189495554912
983,1020.498846267264,-63.49550460770365
984,1029.7022776988551,-2699.3039590903386
985,1039.5139697689328,-6035.19682397169
986,1050.645557369988,-9779.858470081517
987,1063.9182584242742,-13511.297973937648
988,1080.0320715273708,-16676.00260404134
989,1099.4084752309886,-18588.373703377725
990,1122.187731413197,-18430.773125214873
991,1148.239953903964,-15384.196146847698
992,1177.1966805233715,-9037.844022087622
993,1208.4569724049638,530.8447915646557
994,1241.1874139957495,12756.194632918852
995,1274.3221195710985,26584.292677839658
996,1306.5732502498765,40472.93027505574
997,1336.7018200905356,52390.614885176874
998,1363.7533318428568,59815.75258510373
999,1387.0649406375908,59736.623497447385
